,,,,,Construction_Field.yuv 3840x2160 (300 frames),,,,
Model,QP,Bitrate (kbps),YUV-PSNR (db),User time (s),System time (s),Real time (s),Total time (user+sys) (min),MS-SSIM,VMAF
FasterViT,22,95617.036,41.3758,34m46.787s,0m41.669s,32m3.594s,35.47426667,0.992171,95.003648
FasterViT,27,45917.82,40.0497,24m58.643s,0m35.966s,22m15.368s,25.57681667,0.987168,91.242246
FasterViT,32,25686.5813,38.6418,33m5.467s,0m37.824s,31m29.782s,33.72151667,0.978846,84.066286
FasterViT,37,14306.7893,36.901,17m59.878s,0m35.212s,15m12.772s,18.58483333,0.963085,71.560544
CNN,22,97739.1713,41.3986,38m40.929s,0m47.107s,36m29.383s,39.46726667,0.992242,94.999534
CNN,27,46470.9133,40.046,26m12.104s,0m34.466s,24m4.350s,26.77616667,0.98717,91.211593
CNN,32,26018.6267,38.6351,35m28.888s,1m13.776s,32m48.101s,36.71106667,0.978818,83.986826
CNN,37,14510.81,36.8877,18m24.935s,0m44.780s,16m7.874s,19.16191667,0.962898,71.412872
HEVC,22,99560.6253,41.4875, 176m32.002s, 0m45.287s, 177m19.629s,177.28815,0.992462,95.101023
HEVC,27,45144.4507,40.0743, 136m37.604s, 0m23.996s, 137m4.295s,137.0266667,0.987276,91.298824
HEVC,32,25147.4067,38.6771,119m52.203s, 0m19.626s,120m14.587s,120.19715,0.979053,84.16056
HEVC,37,13957.3013,36.9431,112m32.217s, 0m26.315s,113m1.375s,112.9755333,0.963414,71.653715
,,,,,Netflix_FoodMarket2 4096x2160 (300 frames),,,,
FasterViT,22,320198.8192,43.7723,48m10.025s,0m44.896s,45m22.375s,48.91535,0.998878,99.855482
FasterViT,27,182892.384,41.3659,37m13.484s,1m17.690s, 36m31.030s,38.51956667,0.997763,99.071362
FasterViT,32,107419.96,38.929,28m20.742s,0m40.641s,25m14.366s,29.02305,0.983955,95.311029
FasterViT,37,62285.6592,36.366,24m5.490s, 0m40.593s, 21m6.850s,24.76805,0.96328,82.377022
CNN,22,324309.864,43.7881,53m10.604s,1m10.323s,51m9.568s,54.34878333,0.998876,99.857405
CNN,27,185381.7584,41.3692,38m50.473s,1m18.976s,36m41.919s,40.15748333,0.997751,99.076817
CNN,32,108943.416,38.9241,30m44.765s,1m5.693s,28m40.104s,31.84096667,0.983922,95.282253
CNN,37,63291.9776,36.3559,25m52.277s,1m24.803s, 23m20.657s,27.28466667,0.963209,82.305346
HEVC,22,318193.6288,43.8354, 182m58.448s, 0m24.831s,183m26.724s,183.3879833,0.998894,99.865186
HEVC,27,180347.4752,41.4145,154m27.792s,0m38.944s,155m9.027s,155.1122667,0.997771,99.101206
HEVC,32,105351,38.9842,136m23.081s,0m29.219s, 135m51.275s,136.8716667,0.984833,95.418275
HEVC,37,60702.2288,36.425,130m30.003s,0m30.769s,131m2.824s,131.0128667,0.968873,82.596709
,,,,,IntraValid_4928x3264 (25 frames),,,,
FasterViT,22,335224.104,43.8088,7m29.498s,0m11.237s,7m6.198s,7.678916667,0.996415,99.75496
FasterViT,27,187320.952,40.6593,5m4.767s, 0m9.389s,4m39.362s,5.235933333,0.992045,99.611345
FasterViT,32,109111.776,37.9673,4m10.918s, 0m8.897s,3m45.587s,4.33025,0.984926,99.352406
FasterViT,37,63760.392,35.2883,3m41.358s,0m9.638s,3m17.557s,3.849933333,0.972041,98.843459
CNN,22,337579.896,43.8159,8m7.729s,0m27.832s,8m3.728s,8.592683333,0.996425,99.754504
CNN,27,189066.656,40.6585, 5m22.489s, 0m11.199s,5m3.407s,5.561466667,0.992038,99.608362
CNN,32,110210.544,37.9608,4m16.962s,0m11.820s,3m59.379s,4.4797,0.984901,99.35186
CNN,37,64420.696,35.2764,3m43.080s, 0m10.757s,3m26.151s,3.897283333,0.971936,98.844843
HEVC,22,332843.176,43.8304,28m44.326s, 0m4.969s, 28m49.741s,28.82158333,0.996456,99.75767
HEVC,27,186341.96,40.6844,23m51.695s,0m4.517s,23m56.272s,23.93686667,0.992105,99.610416
HEVC,32,108294.536,37.9939,21m8.969s,21m8.969s,21m12.862s,42.29896667,0.985023,99.357207
HEVC,37,63049.968,35.3181, 19m21.762s,0m3.766s,19m25.578s,19.42546667,0.972197,98.846375
,,,,,Rush_Hour.yuv_3840x2160 (300 frames),,,,
FasterViT,22,69299.628,43.0659,29m41.068s,0m37.580s,26m48.677s,30.3108,0.994106,99.981339
FasterViT,27,39697.8887,41.8068,22m34.267s,0m34.655s,19m53.584s,23.1487,0.991064,99.070703
FasterViT,32,23534.244,40.2159,19m59.126s,0m32.956s, 17m21.544s,20.5347,0.985312,92.644887
FasterViT,37,14238.164,38.3351,18m30.832s, 0m33.611s,15m41.204s,19.07405,0.974452,80.876209
CNN,22,70350.5707,43.0674, 31m17.447s,0m20.082s,29m0.400s,31.62548333,0.994112,99.981393
CNN,27,40229.9247,41.802, 22m46.752s,0m43.426s, 20m50.054s,23.50296667,0.991055,99.035356
CNN,32,23884.5793,40.2058, 20m23.254s,0m35.275s,18m11.479s,20.97548333,0.985268,92.562873
CNN,37,14470.6567,38.3186,17m25.756s,0m39.575s, 15m23.307s,18.08885,0.974283,80.708134
HEVC,22,68664.6587,43.0903, 156m1.059s,0m26.826s, 156m30.095s,156.46475,0.994145,99.981457
HEVC,27,39163.9947,41.8337,128m35.038s, 0m25.664s,129m3.759s,129.0117,0.991113,99.112281
HEVC,32,23146.5833,40.2513, 121m15.724s, 0m40.875s,121m59.001s,121.9433167,0.985402,92.73034
HEVC,37,13935.002,38.3763, 111m53.087s, 0m20.590s, 112m16.840s,112.22795,0.974594,80.982379
,,,,,Scarf.yuv 3840x2160 (253 frames),,,,
FasterViT,22,147417.3462,42.3649,30m43.787s,0m31.521s, 28m26.536s,31.25513333,0.994857,96.115857
FasterViT,27,81937.9202,40.1686, 23m25.973s, 0m30.218s, 21m0.765s,23.93651667,0.991458,92.880339
FasterViT,32,45976.996,37.9214,20m51.578s, 0m32.715s,17m40.896s,21.40488333,0.984736,86.390371
FasterViT,37,26042.2545,35.6762,18m31.111s,0m32.751s,15m31.993s,19.06436667,0.971805,74.45846
CNN,22,148361.7123,42.3616, 31m36.434s,0m30.877s,29m47.928s,32.12185,0.994859,96.097165
CNN,27,82645.1628,40.1579,24m12.741s,0m14.650s,23m30.186s,24.45651667,0.991447,92.845651
CNN,32,46405.6427,37.907,21m36.053s, 0m42.407s,18m55.043s,22.30766667,0.984678,86.322116
CNN,37,26331.0514,35.6587,19m26.777s,0m32.473s,15m46.048s,19.9875,0.97164,74.325204
HEVC,22,145922.8174,42.3904, 153m4.365s,0m14.992s,153m22.271s,153.3226167,0.994889,96.142004
HEVC,27,81173.8577,40.1956,124m21.228s, 0m12.178s,124m36.539s,124.5567667,0.991508,92.914851
HEVC,32,45358.5447,37.9511,108m49.679s,0m12.465s, 109m5.505s,109.0357333,0.984833,86.455349
HEVC,37,25538.9676,35.7081,99m38.402s, 0m14.541s,99m54.120s,99.88238333,0.971977,74.584593
,,,,,Netflix_BoxingPractice_4096x2160_60fps_8bit_420.yuv (150 frames),,,,
FasterViT,22,171459.2544,44.0046,20m40.614s,0m22.440s,19m13.481s,21.0509,0.993312,99.96799
FasterViT,27,81666.0384,42.3228,15m47.961s,0m26.362s,13m54.499s,16.23871667,0.98917,99.809366
FasterViT,32,46908.1824,40.7433,12m45.365s,0m22.686s,10m54.406s,13.13418333,0.984587,94.425672
FasterViT,37,27547.888,38.8522,9m24.289s, 0m21.740s,8m38.000s,9.76715,0.97646,84.616966
CNN,22,174454.6112,44.0044,21m45.143s,0m39.910s,20m27.446s,22.41755,0.99332,99.967791
CNN,27,83623.952,42.3123,16m30.340s,0m42.723s,14m51.437s,17.21771667,0.989169,99.792544
CNN,32,48129.8528,40.7235,13m15.363s,0m40.724s,11m49.393s,13.93478333,0.984545,94.357549
CNN,37,28316.9376,38.8248,10m54.988s, 0m39.538s,9m40.899s,11.57543333,0.9763,84.441403
HEVC,22,170472.2656,44.0443,79m34.936s,0m7.260s,79m44.041s,79.70326667,0.993402,99.96824
HEVC,27,80027.1904,42.35,66m47.580s,0m7.964s,66m54.785s,66.92573333,0.989248,99.832596
HEVC,32,45654.1792,40.7828,61m32.512s,0m8.070s,61m41.948s,61.67636667,0.984722,94.519437
HEVC,37,26608.8192,38.9076,58m42.759s, 0m7.762s,58m52.034s,58.84201667,0.976716,84.772334
,,,,,Netflix_Boat_4096x2160_60fps_8bit_420.yuv (120 frames),,,,
FasterViT,22,385561.784,43.6498,16m42.420s,0m20.011s,14m58.573s,17.04051667,0.997708,99.954103
FasterViT,27,229176.092,41.0722,12m25.384s,0m19.035s,10m53.265s,12.74031667,0.995151,99.911329
FasterViT,32,140303.768,38.5212,10m42.564s,0m25.097s,9m16.898s,11.12768333,0.989339,94.212398
FasterViT,37,85021.7,35.8142,9m55.736s,0m18.961s, 8m10.699s,10.24495,0.975907,82.328232
CNN,22,388988.768,43.656,17m27.462s,0m33.509s,16m1.049s,18.01618333,0.99771,99.954097
CNN,27,231392.524,41.0728,13m4.665s,0m29.483s,11m53.627s,13.56913333,0.995142,99.910712
CNN,32,141732,38.5151,11m4.718s,0m31.193s,9m57.354s,11.59851667,0.989303,94.184582
CNN,37,85951.032,35.8062,10m18.853s,0m33.070s,8m52.430s,10.86538333,0.975775,82.262879
HEVC,22,384991.664,43.7077,75m23.844s,0m6.860s,75m32.467s,75.51173333,0.997737,99.954528
HEVC,27,227577.856,41.1057,64m13.753s,0m6.564s,64m20.556s,64.33861667,0.995182,99.916409
HEVC,32,138681.124,38.5511,56m28.661s,0m5.749s,56m35.247s,56.5735,0.9894,94.263669
HEVC,37,83589.336,35.8447,53m43.158s, 0m11.037s,53m54.727s,53.90325,0.975966,82.386863
,,,,,Netflix_Narrator_4096x2160_60fps_8bit_420.yuv (120 frames),,,,
FasterViT,22,97597.8,47.6094,11m46.262s,0m17.929s, 10m1.378s,12.06985,0.996009,96.677747
FasterViT,27,48541.572,45.5828,9m25.078s,0m19.226s,7m38.415s,9.7384,0.992986,93.409498
FasterViT,32,27641.24,43.7195,8m35.754s,0m19.749s,6m51.436s,8.92505,0.988903,87.813007
FasterViT,37,16440.12,41.6796,9m18.114s,0m28.915s,7m43.882s,9.783816667,0.982013,78.180573
CNN,22,99236.316,47.5833,12m14.939s,0m36.031s,10m51.698s,12.8495,0.996021,96.656689
CNN,27,49456.26,45.5677,9m34.593s, 0m36.708s,8m6.695s,10.18835,0.992992,93.380503
CNN,32,28197.572,43.7051,8m26.142s, 0m36.133s,7m0.075s,9.037916667,0.988872,87.724992
CNN,37,16758.064,41.6555,9m35.851s,0m41.456s,7m7.499s,10.28845,0.981842,78.065967
HEVC,22,96628.68,47.6693, 57m24.882s,0m7.758s, 57m34.088s,57.544,0.996102,96.71308
HEVC,27,47726.488,45.6139, 49m51.476s,0m5.520s,49m57.162s,49.94993333,0.99305,93.47412
HEVC,32,26977.56,43.7604, 47m6.996s,0m6.279s,47m13.352s,47.22125,0.989005,87.909291
HEVC,37,15992.608,41.733,45m23.116s,0m5.656s, 45m29.107s,45.47953333,0.982216,78.340235
,,,,,Netflix_Tango_4096x2160_60fps_8bit_420.yuv (100 frames),,,,
FasterViT,22,156939.336,42.5744, 14m55.058s,0m36.268s,13m31.536s,15.5221,0.990899,99.629037
FasterViT,27,55545.696,41.3129, 8m16.707s,0m14.854s, 6m56.033s,8.526016667,0.984771,96.387844
FasterViT,32,31364.5056,40.4252,7m3.944s,0m15.430s,5m44.337s,7.3229,0.979511,90.302965
FasterViT,37,18613.1712,39.2438, 6m46.593s,0m15.506s,5m22.044s,7.034983333,0.970879,79.695457
CNN,22,158720.1888,42.5741, 15m19.684s,0m46.766s,14m22.187s,16.1075,0.990904,99.623518
CNN,27,56567.4768,41.3082, 8m9.080s,0m27.440s,7m6.723s,8.608666667,0.984756,96.379781
CNN,32,31970.8944,40.4143,7m2.139s,0m31.675s,5m57.686s,7.563566667,0.979458,90.227104
CNN,37,18997.8912,39.2251,6m25.966s,0m28.840s, 5m20.149s,6.913433333,0.970718,79.558754
HEVC,22,161356.6368,42.6474, 63m24.147s, 0m6.975s,63m31.250s,63.5187,0.991128,99.667844
HEVC,27,54388.848,41.327, 45m16.837s,0m5.909s, 45m22.860s,45.3791,0.984846,96.447588
HEVC,32,30435.1152,40.4467,40m47.015s, 0m6.474s,40m53.595s,40.89148333,0.979626,90.393971
HEVC,37,17973.1344,39.2811,39m14.743s,0m6.935s,39m22.885s,39.3613,0.971127,79.829564